categoria,porcentagem
Software Engineering,14.285714285714286
Web Development,14.285714285714286
Internet,42.85714285714286
Mobile,14.285714285714286
Java,14.285714285714286
Open Source,14.285714285714286
